Front,Back,ImageURL
Archeologist,A person who studies the past by looking at artifacts that people have left behind.,https://drive.google.com/uc?export=view&id=17ZaZY01hvHaIkIWd1CXFhZBJoyAE3tiF
Historian,A person who studies the past and tries to explain what it means.,https://drive.google.com/uc?export=view&id=1eDd_nRIJeNQweNJA9v_0S2c7fu8CBRzi
Geographer,A person who studies and creates maps of the Earth's natural and human-made features.,https://drive.google.com/uc?export=view&id=1RAveaRH1zetSJ-G8sgAMqZ5swjDIQiYX
Artifact,an object made or used by people in the past,https://drive.google.com/uc?export=view&id=1VnFTQwR3nWJx1c0WbGcZ1vyTmvGM_hEZ
Prehistoric,before written history,https://drive.google.com/uc?export=view&id=1VlDl7uHIsCmI88PiyCHGaOYLG0s1e7_z
Paleolithic,"Old Stone Age, started over 65,000 years ago, when hunter-gatherers constantly migrated and lived in groups of 20-30 people.",https://drive.google.com/uc?export=view&id=1OxIt-sBf1uecphYGHCHGnCB5EOdnFJAb
Neolithic,"9,000 BCE to 3,500 BCE, used agriculture, created pottery for food storage, settled down, lived in groups of 200-300 people",https://drive.google.com/uc?export=view&id=1OyYihVTiqkC7FyfRgEWOLtTmcjK9djXY
Community,All the different people that live together in an area,https://drive.google.com/uc?export=view&id=1NLwB0bhMU277GhNAA06gdHK_hgC27nNo
Culture,"Beliefs, customs, and traditions of a specific group of people.",https://drive.google.com/uc?export=view&id=1aVxiVZ9lEJm83iIuNJV1FnDNUeF2-cXx
Society,people who share a culture and an area where they live,https://drive.google.com/uc?export=view&id=1Pon2Udsz-eMwXnSqOlbt3ISTsRxjnPdA
Homo sapiens,modern humans,https://drive.google.com/uc?export=view&id=1swlDZJerlAflR0nEkG_pi1YeJNjsnnJf
Homo erectus (upright man),"First to use fire as a tool, language, and migrate out of Africa",https://drive.google.com/uc?export=view&id=1VynmFE69l-XAHNCDN7GtLgxbV29Ui4rR
Neanderthals,"In Europe, another human species lived and adapted to life in the cold climates of the last Ice Age.",https://drive.google.com/uc?export=view&id=18ePKqNRTDaG6temKBOdK366h78tOHqMn
indigenous,native to an area,https://drive.google.com/uc?export=view&id=1Q7DfrhpdiA_dn00dN2eHMaK3t5WmjA20
Homo habilis,(man of skill) first to make stone tools,https://drive.google.com/uc?export=view&id=1XbvU_OuUYEOwmg4YTy-FBubqH-HNC4hp
